Date,n,age ,gender ,category,self_eval
04-12-2025 16:53:00,1,entre 18 et 25 ans,Masculin,Agriculteurs/agricultrices exploitant.e.s,Amateur.e : Vous êtes sensible à ces sujets mais avez suivi une formation peu conséquente
04-12-2025 21:30:32,2,entre 18 et 25 ans,Masculin,Employé.e.s,Amateur.e : Vous êtes sensible à ces sujets mais avez suivi une formation peu conséquente
04-12-2025 22:50:30,3,entre 18 et 25 ans,Feminin,"Autres personnes sans activités professionnelles (dont militaires, étudiant.e.s)",Amateur.e : Vous êtes sensible à ces sujets mais avez suivi une formation peu conséquente
04-12-2025 22:50:43,4,entre 18 et 25 ans,Feminin,"Autres personnes sans activités professionnelles (dont militaires, étudiant.e.s)",Amateur.e : Vous êtes sensible à ces sujets mais avez suivi une formation peu conséquente
04-12-2025 22:52:05,5,entre 18 et 25 ans,Masculin,Cadres et professions intellectuelles supérieures,Connaisseur.euse : Vous êtes sensible à ces sujets et avez suivi des formations/stages à ce propos
04-12-2025 22:52:07,6,entre 18 et 25 ans,Ne se prononce pas,"Autres personnes sans activités professionnelles (dont militaires, étudiant.e.s)",Amateur.e : Vous êtes sensible à ces sujets mais avez suivi une formation peu conséquente
04-12-2025 22:52:56,7,entre 18 et 25 ans,Feminin,"Autres personnes sans activités professionnelles (dont militaires, étudiant.e.s)",Novice: Vous n'avez pas de connaissances particulières sur le sujet
04-12-2025 22:53:10,8,entre 18 et 25 ans,Feminin,Cadres et professions intellectuelles supérieures,Amateur.e : Vous êtes sensible à ces sujets mais avez suivi une formation peu conséquente
04-12-2025 22:56:11,9,entre 18 et 25 ans,Masculin,"Autres personnes sans activités professionnelles (dont militaires, étudiant.e.s)",Connaisseur.euse : Vous êtes sensible à ces sujets et avez suivi des formations/stages à ce propos
04-12-2025 22:56:55,10,entre 18 et 25 ans,Masculin,"Autres personnes sans activités professionnelles (dont militaires, étudiant.e.s)",Amateur.e : Vous êtes sensible à ces sujets mais avez suivi une formation peu conséquente
04-12-2025 22:56:56,11,entre 18 et 25 ans,Feminin,"Autres personnes sans activités professionnelles (dont militaires, étudiant.e.s)",Amateur.e : Vous êtes sensible à ces sujets mais avez suivi une formation peu conséquente
04-12-2025 23:00:15,12,entre 18 et 25 ans,Masculin,"Autres personnes sans activités professionnelles (dont militaires, étudiant.e.s)",Amateur.e : Vous êtes sensible à ces sujets mais avez suivi une formation peu conséquente
04-12-2025 23:02:07,13,entre 18 et 25 ans,Masculin,"Autres personnes sans activités professionnelles (dont militaires, étudiant.e.s)",Novice: Vous n'avez pas de connaissances particulières sur le sujet
04-12-2025 23:02:28,14,entre 18 et 25 ans,Masculin,"Autres personnes sans activités professionnelles (dont militaires, étudiant.e.s)",Connaisseur.euse : Vous êtes sensible à ces sujets et avez suivi des formations/stages à ce propos
04-12-2025 23:08:15,15,entre 18 et 25 ans,Masculin,"Autres personnes sans activités professionnelles (dont militaires, étudiant.e.s)",Amateur.e : Vous êtes sensible à ces sujets mais avez suivi une formation peu conséquente
04-12-2025 23:20:01,16,entre 18 et 25 ans,Feminin,"Autres personnes sans activités professionnelles (dont militaires, étudiant.e.s)",Amateur.e : Vous êtes sensible à ces sujets mais avez suivi une formation peu conséquente
04-12-2025 23:25:16,17,entre 18 et 25 ans,Masculin,"Autres personnes sans activités professionnelles (dont militaires, étudiant.e.s)",Novice: Vous n'avez pas de connaissances particulières sur le sujet
04-12-2025 23:29:50,18,entre 18 et 25 ans,Feminin,Cadres et professions intellectuelles supérieures,Amateur.e : Vous êtes sensible à ces sujets mais avez suivi une formation peu conséquente
04-12-2025 23:47:11,19,entre 18 et 25 ans,Masculin,Ne se prononce pas,Amateur.e : Vous êtes sensible à ces sujets mais avez suivi une formation peu conséquente
04-12-2025 23:57:06,20,entre 18 et 25 ans,Masculin,"Autres personnes sans activités professionnelles (dont militaires, étudiant.e.s)",Amateur.e : Vous êtes sensible à ces sujets mais avez suivi une formation peu conséquente
05-12-2025 00:05:42,21,entre 18 et 25 ans,Masculin,"Autres personnes sans activités professionnelles (dont militaires, étudiant.e.s)",Amateur.e : Vous êtes sensible à ces sujets mais avez suivi une formation peu conséquente
05-12-2025 00:06:11,22,entre 18 et 25 ans,Masculin,"Autres personnes sans activités professionnelles (dont militaires, étudiant.e.s)",Amateur.e : Vous êtes sensible à ces sujets mais avez suivi une formation peu conséquente
05-12-2025 00:15:24,23,entre 18 et 25 ans,Masculin,"Autres personnes sans activités professionnelles (dont militaires, étudiant.e.s)",Connaisseur.euse : Vous êtes sensible à ces sujets et avez suivi des formations/stages à ce propos
05-12-2025 06:20:54,24,entre 18 et 25 ans,Feminin,"Autres personnes sans activités professionnelles (dont militaires, étudiant.e.s)",Novice: Vous n'avez pas de connaissances particulières sur le sujet
05-12-2025 06:24:00,25,entre 18 et 25 ans,Masculin,"Autres personnes sans activités professionnelles (dont militaires, étudiant.e.s)",Amateur.e : Vous êtes sensible à ces sujets mais avez suivi une formation peu conséquente
05-12-2025 06:25:39,26,entre 18 et 25 ans,Ne se prononce pas,"Autres personnes sans activités professionnelles (dont militaires, étudiant.e.s)",Amateur.e : Vous êtes sensible à ces sujets mais avez suivi une formation peu conséquente
05-12-2025 06:28:27,27,entre 18 et 25 ans,Feminin,"Autres personnes sans activités professionnelles (dont militaires, étudiant.e.s)",Connaisseur.euse : Vous êtes sensible à ces sujets et avez suivi des formations/stages à ce propos
05-12-2025 06:59:55,28,entre 18 et 25 ans,Masculin,"Autres personnes sans activités professionnelles (dont militaires, étudiant.e.s)",Amateur.e : Vous êtes sensible à ces sujets mais avez suivi une formation peu conséquente
05-12-2025 07:17:43,29,entre 18 et 25 ans,Masculin,"Autres personnes sans activités professionnelles (dont militaires, étudiant.e.s)",Novice: Vous n'avez pas de connaissances particulières sur le sujet
05-12-2025 07:19:44,30,entre 26 et 40 ans,Masculin,"Autres personnes sans activités professionnelles (dont militaires, étudiant.e.s)",Amateur.e : Vous êtes sensible à ces sujets mais avez suivi une formation peu conséquente
05-12-2025 07:22:29,31,entre 26 et 40 ans,Masculin,"Autres personnes sans activités professionnelles (dont militaires, étudiant.e.s)",Amateur.e : Vous êtes sensible à ces sujets mais avez suivi une formation peu conséquente
05-12-2025 07:22:48,32,entre 18 et 25 ans,Feminin,"Autres personnes sans activités professionnelles (dont militaires, étudiant.e.s)",Amateur.e : Vous êtes sensible à ces sujets mais avez suivi une formation peu conséquente
05-12-2025 07:22:50,33,entre 18 et 25 ans,Feminin,"Autres personnes sans activités professionnelles (dont militaires, étudiant.e.s)",Amateur.e : Vous êtes sensible à ces sujets mais avez suivi une formation peu conséquente
05-12-2025 07:26:40,34,entre 18 et 25 ans,Masculin,"Autres personnes sans activités professionnelles (dont militaires, étudiant.e.s)",Amateur.e : Vous êtes sensible à ces sujets mais avez suivi une formation peu conséquente
05-12-2025 07:31:16,35,entre 18 et 25 ans,Feminin,"Autres personnes sans activités professionnelles (dont militaires, étudiant.e.s)",Amateur.e : Vous êtes sensible à ces sujets mais avez suivi une formation peu conséquente
05-12-2025 07:31:23,36,entre 18 et 25 ans,Masculin,"Autres personnes sans activités professionnelles (dont militaires, étudiant.e.s)",Novice: Vous n'avez pas de connaissances particulières sur le sujet
05-12-2025 07:35:57,37,entre 18 et 25 ans,Feminin,Agriculteurs/agricultrices exploitant.e.s,Amateur.e : Vous êtes sensible à ces sujets mais avez suivi une formation peu conséquente
05-12-2025 07:37:57,38,entre 18 et 25 ans,Feminin,"Autres personnes sans activités professionnelles (dont militaires, étudiant.e.s)",Amateur.e : Vous êtes sensible à ces sujets mais avez suivi une formation peu conséquente
05-12-2025 07:41:03,39,entre 18 et 25 ans,Ne se prononce pas,Ne se prononce pas,Amateur.e : Vous êtes sensible à ces sujets mais avez suivi une formation peu conséquente
05-12-2025 07:41:51,40,entre 18 et 25 ans,Ne se prononce pas,"Autres personnes sans activités professionnelles (dont militaires, étudiant.e.s)",Amateur.e : Vous êtes sensible à ces sujets mais avez suivi une formation peu conséquente
05-12-2025 08:04:01,41,entre 18 et 25 ans,Feminin,"Autres personnes sans activités professionnelles (dont militaires, étudiant.e.s)",Novice: Vous n'avez pas de connaissances particulières sur le sujet
05-12-2025 08:12:49,42,entre 18 et 25 ans,Feminin,"Autres personnes sans activités professionnelles (dont militaires, étudiant.e.s)",Amateur.e : Vous êtes sensible à ces sujets mais avez suivi une formation peu conséquente
05-12-2025 08:14:20,43,entre 18 et 25 ans,Masculin,"Autres personnes sans activités professionnelles (dont militaires, étudiant.e.s)",Amateur.e : Vous êtes sensible à ces sujets mais avez suivi une formation peu conséquente
05-12-2025 08:14:45,44,entre 18 et 25 ans,Masculin,"Autres personnes sans activités professionnelles (dont militaires, étudiant.e.s)",Amateur.e : Vous êtes sensible à ces sujets mais avez suivi une formation peu conséquente
05-12-2025 08:33:13,45,entre 18 et 25 ans,Masculin,Cadres et professions intellectuelles supérieures,Amateur.e : Vous êtes sensible à ces sujets mais avez suivi une formation peu conséquente
05-12-2025 08:37:29,46,entre 18 et 25 ans,Masculin,"Autres personnes sans activités professionnelles (dont militaires, étudiant.e.s)",Novice: Vous n'avez pas de connaissances particulières sur le sujet
05-12-2025 08:40:47,47,entre 18 et 25 ans,Masculin,Ne se prononce pas,Novice: Vous n'avez pas de connaissances particulières sur le sujet
05-12-2025 08:43:24,48,entre 18 et 25 ans,Masculin,"Autres personnes sans activités professionnelles (dont militaires, étudiant.e.s)",Amateur.e : Vous êtes sensible à ces sujets mais avez suivi une formation peu conséquente
05-12-2025 08:43:26,49,entre 18 et 25 ans,Masculin,"Autres personnes sans activités professionnelles (dont militaires, étudiant.e.s)",Amateur.e : Vous êtes sensible à ces sujets mais avez suivi une formation peu conséquente
05-12-2025 08:49:03,50,entre 18 et 25 ans,Feminin,Cadres et professions intellectuelles supérieures,Connaisseur.euse : Vous êtes sensible à ces sujets et avez suivi des formations/stages à ce propos
05-12-2025 08:55:14,51,entre 18 et 25 ans,Masculin,"Autres personnes sans activités professionnelles (dont militaires, étudiant.e.s)",Novice: Vous n'avez pas de connaissances particulières sur le sujet
05-12-2025 09:03:20,52,entre 18 et 25 ans,Feminin,"Autres personnes sans activités professionnelles (dont militaires, étudiant.e.s)",Amateur.e : Vous êtes sensible à ces sujets mais avez suivi une formation peu conséquente
05-12-2025 09:11:21,53,entre 18 et 25 ans,Masculin,"Autres personnes sans activités professionnelles (dont militaires, étudiant.e.s)",Amateur.e : Vous êtes sensible à ces sujets mais avez suivi une formation peu conséquente
05-12-2025 09:15:00,54,entre 18 et 25 ans,Feminin,"Autres personnes sans activités professionnelles (dont militaires, étudiant.e.s)",Connaisseur.euse : Vous êtes sensible à ces sujets et avez suivi des formations/stages à ce propos
05-12-2025 09:29:48,55,entre 18 et 25 ans,Masculin,Cadres et professions intellectuelles supérieures,Connaisseur.euse : Vous êtes sensible à ces sujets et avez suivi des formations/stages à ce propos
05-12-2025 09:32:19,56,entre 18 et 25 ans,Masculin,Cadres et professions intellectuelles supérieures,Connaisseur.euse : Vous êtes sensible à ces sujets et avez suivi des formations/stages à ce propos
05-12-2025 09:35:02,57,entre 18 et 25 ans,Masculin,"Autres personnes sans activités professionnelles (dont militaires, étudiant.e.s)",Amateur.e : Vous êtes sensible à ces sujets mais avez suivi une formation peu conséquente
05-12-2025 09:35:04,58,entre 18 et 25 ans,Ne se prononce pas,Cadres et professions intellectuelles supérieures,Connaisseur.euse : Vous êtes sensible à ces sujets et avez suivi des formations/stages à ce propos
05-12-2025 09:38:52,59,entre 18 et 25 ans,Masculin,Cadres et professions intellectuelles supérieures,Connaisseur.euse : Vous êtes sensible à ces sujets et avez suivi des formations/stages à ce propos
05-12-2025 09:39:07,60,entre 18 et 25 ans,Masculin,"Autres personnes sans activités professionnelles (dont militaires, étudiant.e.s)",Amateur.e : Vous êtes sensible à ces sujets mais avez suivi une formation peu conséquente
05-12-2025 09:42:18,61,entre 18 et 25 ans,Masculin,"Autres personnes sans activités professionnelles (dont militaires, étudiant.e.s)",Connaisseur.euse : Vous êtes sensible à ces sujets et avez suivi des formations/stages à ce propos
05-12-2025 09:49:46,62,entre 18 et 25 ans,Feminin,Agriculteurs/agricultrices exploitant.e.s,"Expert.e : Vous travaillez dans le domaine de la biologie, écologie"
05-12-2025 09:53:19,63,entre 18 et 25 ans,Masculin,Employé.e.s,Amateur.e : Vous êtes sensible à ces sujets mais avez suivi une formation peu conséquente
05-12-2025 09:54:27,64,entre 18 et 25 ans,Masculin,Cadres et professions intellectuelles supérieures,Connaisseur.euse : Vous êtes sensible à ces sujets et avez suivi des formations/stages à ce propos
05-12-2025 09:59:50,65,entre 18 et 25 ans,Feminin,"Autres personnes sans activités professionnelles (dont militaires, étudiant.e.s)",Amateur.e : Vous êtes sensible à ces sujets mais avez suivi une formation peu conséquente
05-12-2025 10:02:25,66,entre 18 et 25 ans,Masculin,"Autres personnes sans activités professionnelles (dont militaires, étudiant.e.s)",Amateur.e : Vous êtes sensible à ces sujets mais avez suivi une formation peu conséquente
05-12-2025 10:05:02,67,entre 18 et 25 ans,Feminin,Agriculteurs/agricultrices exploitant.e.s,"Expert.e : Vous travaillez dans le domaine de la biologie, écologie"
05-12-2025 10:07:18,68,entre 18 et 25 ans,Masculin,"Autres personnes sans activités professionnelles (dont militaires, étudiant.e.s)",Amateur.e : Vous êtes sensible à ces sujets mais avez suivi une formation peu conséquente
05-12-2025 10:07:28,69,entre 18 et 25 ans,Feminin,"Autres personnes sans activités professionnelles (dont militaires, étudiant.e.s)",Connaisseur.euse : Vous êtes sensible à ces sujets et avez suivi des formations/stages à ce propos
05-12-2025 10:07:45,70,entre 18 et 25 ans,Masculin,Cadres et professions intellectuelles supérieures,Connaisseur.euse : Vous êtes sensible à ces sujets et avez suivi des formations/stages à ce propos
05-12-2025 10:11:30,71,entre 18 et 25 ans,Feminin,"Autres personnes sans activités professionnelles (dont militaires, étudiant.e.s)",Amateur.e : Vous êtes sensible à ces sujets mais avez suivi une formation peu conséquente
05-12-2025 10:12:10,72,entre 18 et 25 ans,Feminin,"Autres personnes sans activités professionnelles (dont militaires, étudiant.e.s)",Connaisseur.euse : Vous êtes sensible à ces sujets et avez suivi des formations/stages à ce propos
05-12-2025 10:30:01,73,entre 18 et 25 ans,Feminin,"Autres personnes sans activités professionnelles (dont militaires, étudiant.e.s)",Novice: Vous n'avez pas de connaissances particulières sur le sujet
05-12-2025 10:39:58,74,entre 18 et 25 ans,Masculin,"Autres personnes sans activités professionnelles (dont militaires, étudiant.e.s)",Amateur.e : Vous êtes sensible à ces sujets mais avez suivi une formation peu conséquente
05-12-2025 10:49:42,75,entre 18 et 25 ans,Masculin,"Autres personnes sans activités professionnelles (dont militaires, étudiant.e.s)",Amateur.e : Vous êtes sensible à ces sujets mais avez suivi une formation peu conséquente
05-12-2025 10:51:01,76,entre 18 et 25 ans,Masculin,"Autres personnes sans activités professionnelles (dont militaires, étudiant.e.s)",Amateur.e : Vous êtes sensible à ces sujets mais avez suivi une formation peu conséquente
05-12-2025 10:53:19,77,entre 18 et 25 ans,Ne se prononce pas,Cadres et professions intellectuelles supérieures,Connaisseur.euse : Vous êtes sensible à ces sujets et avez suivi des formations/stages à ce propos
06-12-2025 09:47:57,78,entre 18 et 25 ans,Feminin,"Autres personnes sans activités professionnelles (dont militaires, étudiant.e.s)",Amateur.e : Vous êtes sensible à ces sujets mais avez suivi une formation peu conséquente
06-12-2025 10:25:11,79,entre 18 et 25 ans,Feminin,"Autres personnes sans activités professionnelles (dont militaires, étudiant.e.s)",Novice: Vous n'avez pas de connaissances particulières sur le sujet
06-12-2025 11:36:17,80,entre 18 et 25 ans,Feminin,"Autres personnes sans activités professionnelles (dont militaires, étudiant.e.s)",Connaisseur.euse : Vous êtes sensible à ces sujets et avez suivi des formations/stages à ce propos
06-12-2025 12:08:55,81,entre 18 et 25 ans,Feminin,"Autres personnes sans activités professionnelles (dont militaires, étudiant.e.s)",Connaisseur.euse : Vous êtes sensible à ces sujets et avez suivi des formations/stages à ce propos
06-12-2025 13:03:24,82,entre 18 et 25 ans,Feminin,Agriculteurs/agricultrices exploitant.e.s,"Expert.e : Vous travaillez dans le domaine de la biologie, écologie"
06-12-2025 15:20:53,83,entre 18 et 25 ans,Feminin,"Autres personnes sans activités professionnelles (dont militaires, étudiant.e.s)",Connaisseur.euse : Vous êtes sensible à ces sujets et avez suivi des formations/stages à ce propos
08-12-2025 09:27:23,84,entre 18 et 25 ans,Feminin,Agriculteurs/agricultrices exploitant.e.s,"Expert.e : Vous travaillez dans le domaine de la biologie, écologie"
08-12-2025 10:51:33,85,entre 18 et 25 ans,Masculin,"Autres personnes sans activités professionnelles (dont militaires, étudiant.e.s)",Amateur.e : Vous êtes sensible à ces sujets mais avez suivi une formation peu conséquente
08-12-2025 11:45:33,86,entre 18 et 25 ans,Masculin,"Autres personnes sans activités professionnelles (dont militaires, étudiant.e.s)",Amateur.e : Vous êtes sensible à ces sujets mais avez suivi une formation peu conséquente
08-12-2025 22:12:42,87,entre 18 et 25 ans,Masculin,Professions intermédiaires,Amateur.e : Vous êtes sensible à ces sujets mais avez suivi une formation peu conséquente
09-12-2025 10:26:03,88,entre 18 et 25 ans,Feminin,"Autres personnes sans activités professionnelles (dont militaires, étudiant.e.s)",Amateur.e : Vous êtes sensible à ces sujets mais avez suivi une formation peu conséquente
09-12-2025 10:27:36,89,entre 18 et 25 ans,Feminin,"Autres personnes sans activités professionnelles (dont militaires, étudiant.e.s)",Amateur.e : Vous êtes sensible à ces sujets mais avez suivi une formation peu conséquente
09-12-2025 15:26:44,90,entre 41 et 65 ans,Masculin,Cadres et professions intellectuelles supérieures,Amateur.e : Vous êtes sensible à ces sujets mais avez suivi une formation peu conséquente
09-12-2025 15:47:52,91,entre 41 et 65 ans,Masculin,Cadres et professions intellectuelles supérieures,"Expert.e : Vous travaillez dans le domaine de la biologie, écologie"
09-12-2025 17:50:54,92,entre 26 et 40 ans,Masculin,Cadres et professions intellectuelles supérieures,"Expert.e : Vous travaillez dans le domaine de la biologie, écologie"
09-12-2025 21:05:44,93,entre 18 et 25 ans,Masculin,"Autres personnes sans activités professionnelles (dont militaires, étudiant.e.s)",Amateur.e : Vous êtes sensible à ces sujets mais avez suivi une formation peu conséquente
09-12-2025 21:15:28,94,entre 18 et 25 ans,Feminin,Agriculteurs/agricultrices exploitant.e.s,"Expert.e : Vous travaillez dans le domaine de la biologie, écologie"
10-12-2025 07:45:57,95,entre 41 et 65 ans,Masculin,Cadres et professions intellectuelles supérieures,"Expert.e : Vous travaillez dans le domaine de la biologie, écologie"
10-12-2025 07:52:28,96,entre 41 et 65 ans,Feminin,Cadres et professions intellectuelles supérieures,"Expert.e : Vous travaillez dans le domaine de la biologie, écologie"
10-12-2025 07:53:44,97,entre 41 et 65 ans,Masculin,Ouvrier.e.s,Amateur.e : Vous êtes sensible à ces sujets mais avez suivi une formation peu conséquente
10-12-2025 07:54:49,98,entre 26 et 40 ans,Masculin,Employé.e.s,Novice: Vous n'avez pas de connaissances particulières sur le sujet
10-12-2025 07:58:47,99,entre 26 et 40 ans,Feminin,Employé.e.s,"Expert.e : Vous travaillez dans le domaine de la biologie, écologie"
10-12-2025 07:58:56,100,entre 41 et 65 ans,Feminin,Cadres et professions intellectuelles supérieures,"Expert.e : Vous travaillez dans le domaine de la biologie, écologie"
10-12-2025 08:02:10,101,entre 41 et 65 ans,Feminin,Professions intermédiaires,"Expert.e : Vous travaillez dans le domaine de la biologie, écologie"
10-12-2025 08:07:58,102,entre 18 et 25 ans,Masculin,Cadres et professions intellectuelles supérieures,"Expert.e : Vous travaillez dans le domaine de la biologie, écologie"
10-12-2025 08:08:35,103,entre 26 et 40 ans,Feminin,Employé.e.s,"Expert.e : Vous travaillez dans le domaine de la biologie, écologie"
10-12-2025 08:29:36,104,entre 26 et 40 ans,Masculin,Cadres et professions intellectuelles supérieures,"Expert.e : Vous travaillez dans le domaine de la biologie, écologie"
10-12-2025 08:33:52,105,entre 41 et 65 ans,Masculin,Cadres et professions intellectuelles supérieures,"Expert.e : Vous travaillez dans le domaine de la biologie, écologie"
10-12-2025 08:36:12,106,entre 26 et 40 ans,Masculin,Cadres et professions intellectuelles supérieures,"Expert.e : Vous travaillez dans le domaine de la biologie, écologie"
10-12-2025 08:38:45,107,entre 41 et 65 ans,Feminin,Cadres et professions intellectuelles supérieures,"Expert.e : Vous travaillez dans le domaine de la biologie, écologie"
10-12-2025 08:41:54,108,entre 41 et 65 ans,Masculin,Cadres et professions intellectuelles supérieures,"Expert.e : Vous travaillez dans le domaine de la biologie, écologie"
10-12-2025 08:45:02,109,entre 26 et 40 ans,Masculin,Employé.e.s,"Expert.e : Vous travaillez dans le domaine de la biologie, écologie"
10-12-2025 08:50:49,110,entre 18 et 25 ans,Feminin,"Autres personnes sans activités professionnelles (dont militaires, étudiant.e.s)",Connaisseur.euse : Vous êtes sensible à ces sujets et avez suivi des formations/stages à ce propos
10-12-2025 08:56:29,111,entre 26 et 40 ans,Feminin,Cadres et professions intellectuelles supérieures,"Expert.e : Vous travaillez dans le domaine de la biologie, écologie"
10-12-2025 09:12:03,112,entre 26 et 40 ans,Feminin,Cadres et professions intellectuelles supérieures,"Expert.e : Vous travaillez dans le domaine de la biologie, écologie"
10-12-2025 09:17:16,113,entre 26 et 40 ans,Masculin,Cadres et professions intellectuelles supérieures,"Expert.e : Vous travaillez dans le domaine de la biologie, écologie"
10-12-2025 09:53:15,114,entre 26 et 40 ans,Masculin,Cadres et professions intellectuelles supérieures,"Expert.e : Vous travaillez dans le domaine de la biologie, écologie"
10-12-2025 10:54:10,115,entre 18 et 25 ans,Feminin,"Autres personnes sans activités professionnelles (dont militaires, étudiant.e.s)",Amateur.e : Vous êtes sensible à ces sujets mais avez suivi une formation peu conséquente
10-12-2025 12:34:07,116,entre 26 et 40 ans,Masculin,Cadres et professions intellectuelles supérieures,"Expert.e : Vous travaillez dans le domaine de la biologie, écologie"
10-12-2025 12:43:21,117,entre 18 et 25 ans,Feminin,"Autres personnes sans activités professionnelles (dont militaires, étudiant.e.s)",Connaisseur.euse : Vous êtes sensible à ces sujets et avez suivi des formations/stages à ce propos
10-12-2025 13:13:46,118,entre 26 et 40 ans,Feminin,Cadres et professions intellectuelles supérieures,"Expert.e : Vous travaillez dans le domaine de la biologie, écologie"
10-12-2025 13:22:49,119,entre 26 et 40 ans,Feminin,Cadres et professions intellectuelles supérieures,"Expert.e : Vous travaillez dans le domaine de la biologie, écologie"
10-12-2025 13:25:59,120,entre 41 et 65 ans,Feminin,Cadres et professions intellectuelles supérieures,"Expert.e : Vous travaillez dans le domaine de la biologie, écologie"
10-12-2025 13:45:01,121,entre 26 et 40 ans,Feminin,Cadres et professions intellectuelles supérieures,"Expert.e : Vous travaillez dans le domaine de la biologie, écologie"
10-12-2025 16:55:13,122,entre 41 et 65 ans,Feminin,Cadres et professions intellectuelles supérieures,"Expert.e : Vous travaillez dans le domaine de la biologie, écologie"
10-12-2025 21:43:55,123,entre 18 et 25 ans,Feminin,Agriculteurs/agricultrices exploitant.e.s,"Expert.e : Vous travaillez dans le domaine de la biologie, écologie"
11-12-2025 08:10:03,124,entre 18 et 25 ans,Feminin,"Autres personnes sans activités professionnelles (dont militaires, étudiant.e.s)",Amateur.e : Vous êtes sensible à ces sujets mais avez suivi une formation peu conséquente
11-12-2025 08:37:22,125,entre 41 et 65 ans,Feminin,Cadres et professions intellectuelles supérieures,"Expert.e : Vous travaillez dans le domaine de la biologie, écologie"
11-12-2025 14:14:10,126,66 ans et plus,Masculin,Cadres et professions intellectuelles supérieures,"Expert.e : Vous travaillez dans le domaine de la biologie, écologie"
16-12-2025 07:09:04,127,entre 18 et 25 ans,Masculin,"Autres personnes sans activités professionnelles (dont militaires, étudiant.e.s)",Amateur.e : Vous êtes sensible à ces sujets mais avez suivi une formation peu conséquente
18-12-2025 08:29:44,128,entre 26 et 40 ans,Feminin,Cadres et professions intellectuelles supérieures,"Expert.e : Vous travaillez dans le domaine de la biologie, écologie"