,Date,n,age ,gender ,category,self_eval
0,04-12-2025 16:53:00,1,entre 18 et 25 ans,Masculin,Agriculteurs/agricultrices exploitant.e.s,Amateur.e : Vous êtes sensible à ces sujets mais avez suivi une formation peu conséquente
1,04-12-2025 21:30:32,2,entre 18 et 25 ans,Masculin,Employé.e.s,Amateur.e : Vous êtes sensible à ces sujets mais avez suivi une formation peu conséquente
4,04-12-2025 22:52:05,5,entre 18 et 25 ans,Masculin,Cadres et professions intellectuelles supérieures,Connaisseur.euse : Vous êtes sensible à ces sujets et avez suivi des formations/stages à ce propos
6,04-12-2025 22:52:56,7,entre 18 et 25 ans,Feminin,"Autres personnes sans activités professionnelles (dont militaires, étudiant.e.s)",Novice: Vous n'avez pas de connaissances particulières sur le sujet
7,04-12-2025 22:53:10,8,entre 18 et 25 ans,Feminin,Cadres et professions intellectuelles supérieures,Amateur.e : Vous êtes sensible à ces sujets mais avez suivi une formation peu conséquente
9,04-12-2025 22:56:55,10,entre 18 et 25 ans,Masculin,"Autres personnes sans activités professionnelles (dont militaires, étudiant.e.s)",Amateur.e : Vous êtes sensible à ces sujets mais avez suivi une formation peu conséquente
10,04-12-2025 22:56:56,11,entre 18 et 25 ans,Feminin,"Autres personnes sans activités professionnelles (dont militaires, étudiant.e.s)",Amateur.e : Vous êtes sensible à ces sujets mais avez suivi une formation peu conséquente
11,04-12-2025 23:00:15,12,entre 18 et 25 ans,Masculin,"Autres personnes sans activités professionnelles (dont militaires, étudiant.e.s)",Amateur.e : Vous êtes sensible à ces sujets mais avez suivi une formation peu conséquente
12,04-12-2025 23:02:07,13,entre 18 et 25 ans,Masculin,"Autres personnes sans activités professionnelles (dont militaires, étudiant.e.s)",Novice: Vous n'avez pas de connaissances particulières sur le sujet
13,04-12-2025 23:02:28,14,entre 18 et 25 ans,Masculin,"Autres personnes sans activités professionnelles (dont militaires, étudiant.e.s)",Connaisseur.euse : Vous êtes sensible à ces sujets et avez suivi des formations/stages à ce propos
14,04-12-2025 23:08:15,15,entre 18 et 25 ans,Masculin,"Autres personnes sans activités professionnelles (dont militaires, étudiant.e.s)",Amateur.e : Vous êtes sensible à ces sujets mais avez suivi une formation peu conséquente
15,04-12-2025 23:20:01,16,entre 18 et 25 ans,Feminin,"Autres personnes sans activités professionnelles (dont militaires, étudiant.e.s)",Amateur.e : Vous êtes sensible à ces sujets mais avez suivi une formation peu conséquente
16,04-12-2025 23:25:16,17,entre 18 et 25 ans,Masculin,"Autres personnes sans activités professionnelles (dont militaires, étudiant.e.s)",Novice: Vous n'avez pas de connaissances particulières sur le sujet
17,04-12-2025 23:29:50,18,entre 18 et 25 ans,Feminin,Cadres et professions intellectuelles supérieures,Amateur.e : Vous êtes sensible à ces sujets mais avez suivi une formation peu conséquente
18,04-12-2025 23:47:11,19,entre 18 et 25 ans,Masculin,Ne se prononce pas,Amateur.e : Vous êtes sensible à ces sujets mais avez suivi une formation peu conséquente
19,04-12-2025 23:57:06,20,entre 18 et 25 ans,Masculin,"Autres personnes sans activités professionnelles (dont militaires, étudiant.e.s)",Amateur.e : Vous êtes sensible à ces sujets mais avez suivi une formation peu conséquente
20,05-12-2025 00:05:42,21,entre 18 et 25 ans,Masculin,"Autres personnes sans activités professionnelles (dont militaires, étudiant.e.s)",Amateur.e : Vous êtes sensible à ces sujets mais avez suivi une formation peu conséquente
21,05-12-2025 00:06:11,22,entre 18 et 25 ans,Masculin,"Autres personnes sans activités professionnelles (dont militaires, étudiant.e.s)",Amateur.e : Vous êtes sensible à ces sujets mais avez suivi une formation peu conséquente
23,05-12-2025 06:20:54,24,entre 18 et 25 ans,Feminin,"Autres personnes sans activités professionnelles (dont militaires, étudiant.e.s)",Novice: Vous n'avez pas de connaissances particulières sur le sujet
24,05-12-2025 06:24:00,25,entre 18 et 25 ans,Masculin,"Autres personnes sans activités professionnelles (dont militaires, étudiant.e.s)",Amateur.e : Vous êtes sensible à ces sujets mais avez suivi une formation peu conséquente
25,05-12-2025 06:25:39,26,entre 18 et 25 ans,Ne se prononce pas,"Autres personnes sans activités professionnelles (dont militaires, étudiant.e.s)",Amateur.e : Vous êtes sensible à ces sujets mais avez suivi une formation peu conséquente
26,05-12-2025 06:28:27,27,entre 18 et 25 ans,Feminin,"Autres personnes sans activités professionnelles (dont militaires, étudiant.e.s)",Connaisseur.euse : Vous êtes sensible à ces sujets et avez suivi des formations/stages à ce propos
28,05-12-2025 07:17:43,29,entre 18 et 25 ans,Masculin,"Autres personnes sans activités professionnelles (dont militaires, étudiant.e.s)",Novice: Vous n'avez pas de connaissances particulières sur le sujet
29,05-12-2025 07:19:44,30,entre 26 et 40 ans,Masculin,"Autres personnes sans activités professionnelles (dont militaires, étudiant.e.s)",Amateur.e : Vous êtes sensible à ces sujets mais avez suivi une formation peu conséquente
30,05-12-2025 07:22:29,31,entre 26 et 40 ans,Masculin,"Autres personnes sans activités professionnelles (dont militaires, étudiant.e.s)",Amateur.e : Vous êtes sensible à ces sujets mais avez suivi une formation peu conséquente
32,05-12-2025 07:22:50,33,entre 18 et 25 ans,Feminin,"Autres personnes sans activités professionnelles (dont militaires, étudiant.e.s)",Amateur.e : Vous êtes sensible à ces sujets mais avez suivi une formation peu conséquente
67,05-12-2025 10:07:18,68,entre 18 et 25 ans,Masculin,"Autres personnes sans activités professionnelles (dont militaires, étudiant.e.s)",Amateur.e : Vous êtes sensible à ces sujets mais avez suivi une formation peu conséquente
68,05-12-2025 10:07:28,69,entre 18 et 25 ans,Feminin,"Autres personnes sans activités professionnelles (dont militaires, étudiant.e.s)",Connaisseur.euse : Vous êtes sensible à ces sujets et avez suivi des formations/stages à ce propos
69,05-12-2025 10:07:45,70,entre 18 et 25 ans,Masculin,Cadres et professions intellectuelles supérieures,Connaisseur.euse : Vous êtes sensible à ces sujets et avez suivi des formations/stages à ce propos
70,05-12-2025 10:11:30,71,entre 18 et 25 ans,Feminin,"Autres personnes sans activités professionnelles (dont militaires, étudiant.e.s)",Amateur.e : Vous êtes sensible à ces sujets mais avez suivi une formation peu conséquente
71,05-12-2025 10:12:10,72,entre 18 et 25 ans,Feminin,"Autres personnes sans activités professionnelles (dont militaires, étudiant.e.s)",Connaisseur.euse : Vous êtes sensible à ces sujets et avez suivi des formations/stages à ce propos
74,05-12-2025 10:49:42,75,entre 18 et 25 ans,Masculin,"Autres personnes sans activités professionnelles (dont militaires, étudiant.e.s)",Amateur.e : Vous êtes sensible à ces sujets mais avez suivi une formation peu conséquente
75,05-12-2025 10:51:01,76,entre 18 et 25 ans,Masculin,"Autres personnes sans activités professionnelles (dont militaires, étudiant.e.s)",Amateur.e : Vous êtes sensible à ces sujets mais avez suivi une formation peu conséquente
76,05-12-2025 10:53:19,77,entre 18 et 25 ans,Ne se prononce pas,Cadres et professions intellectuelles supérieures,Connaisseur.euse : Vous êtes sensible à ces sujets et avez suivi des formations/stages à ce propos
78,06-12-2025 10:25:11,79,entre 18 et 25 ans,Feminin,"Autres personnes sans activités professionnelles (dont militaires, étudiant.e.s)",Novice: Vous n'avez pas de connaissances particulières sur le sujet
79,06-12-2025 11:36:17,80,entre 18 et 25 ans,Feminin,"Autres personnes sans activités professionnelles (dont militaires, étudiant.e.s)",Connaisseur.euse : Vous êtes sensible à ces sujets et avez suivi des formations/stages à ce propos
80,06-12-2025 12:08:55,81,entre 18 et 25 ans,Feminin,"Autres personnes sans activités professionnelles (dont militaires, étudiant.e.s)",Connaisseur.euse : Vous êtes sensible à ces sujets et avez suivi des formations/stages à ce propos
82,06-12-2025 15:20:53,83,entre 18 et 25 ans,Feminin,"Autres personnes sans activités professionnelles (dont militaires, étudiant.e.s)",Connaisseur.euse : Vous êtes sensible à ces sujets et avez suivi des formations/stages à ce propos
85,08-12-2025 11:45:33,86,entre 18 et 25 ans,Masculin,"Autres personnes sans activités professionnelles (dont militaires, étudiant.e.s)",Amateur.e : Vous êtes sensible à ces sujets mais avez suivi une formation peu conséquente
86,08-12-2025 22:12:42,87,entre 18 et 25 ans,Masculin,Professions intermédiaires,Amateur.e : Vous êtes sensible à ces sujets mais avez suivi une formation peu conséquente
88,09-12-2025 10:27:36,89,entre 18 et 25 ans,Feminin,"Autres personnes sans activités professionnelles (dont militaires, étudiant.e.s)",Amateur.e : Vous êtes sensible à ces sujets mais avez suivi une formation peu conséquente
89,09-12-2025 15:26:44,90,entre 41 et 65 ans,Masculin,Cadres et professions intellectuelles supérieures,Amateur.e : Vous êtes sensible à ces sujets mais avez suivi une formation peu conséquente
90,09-12-2025 15:47:52,91,entre 41 et 65 ans,Masculin,Cadres et professions intellectuelles supérieures,"Expert.e : Vous travaillez dans le domaine de la biologie, écologie"
91,09-12-2025 17:50:54,92,entre 26 et 40 ans,Masculin,Cadres et professions intellectuelles supérieures,"Expert.e : Vous travaillez dans le domaine de la biologie, écologie"
93,09-12-2025 21:15:28,94,entre 18 et 25 ans,Feminin,Agriculteurs/agricultrices exploitant.e.s,"Expert.e : Vous travaillez dans le domaine de la biologie, écologie"
94,10-12-2025 07:45:57,95,entre 41 et 65 ans,Masculin,Cadres et professions intellectuelles supérieures,"Expert.e : Vous travaillez dans le domaine de la biologie, écologie"
98,10-12-2025 07:58:47,99,entre 26 et 40 ans,Feminin,Employé.e.s,"Expert.e : Vous travaillez dans le domaine de la biologie, écologie"
99,10-12-2025 07:58:56,100,entre 41 et 65 ans,Feminin,Cadres et professions intellectuelles supérieures,"Expert.e : Vous travaillez dans le domaine de la biologie, écologie"
100,10-12-2025 08:02:10,101,entre 41 et 65 ans,Feminin,Professions intermédiaires,"Expert.e : Vous travaillez dans le domaine de la biologie, écologie"
102,10-12-2025 08:08:35,103,entre 26 et 40 ans,Feminin,Employé.e.s,"Expert.e : Vous travaillez dans le domaine de la biologie, écologie"
103,10-12-2025 08:29:36,104,entre 26 et 40 ans,Masculin,Cadres et professions intellectuelles supérieures,"Expert.e : Vous travaillez dans le domaine de la biologie, écologie"
104,10-12-2025 08:33:52,105,entre 41 et 65 ans,Masculin,Cadres et professions intellectuelles supérieures,"Expert.e : Vous travaillez dans le domaine de la biologie, écologie"
105,10-12-2025 08:36:12,106,entre 26 et 40 ans,Masculin,Cadres et professions intellectuelles supérieures,"Expert.e : Vous travaillez dans le domaine de la biologie, écologie"
106,10-12-2025 08:38:45,107,entre 41 et 65 ans,Feminin,Cadres et professions intellectuelles supérieures,"Expert.e : Vous travaillez dans le domaine de la biologie, écologie"
107,10-12-2025 08:41:54,108,entre 41 et 65 ans,Masculin,Cadres et professions intellectuelles supérieures,"Expert.e : Vous travaillez dans le domaine de la biologie, écologie"
108,10-12-2025 08:45:02,109,entre 26 et 40 ans,Masculin,Employé.e.s,"Expert.e : Vous travaillez dans le domaine de la biologie, écologie"
109,10-12-2025 08:50:49,110,entre 18 et 25 ans,Feminin,"Autres personnes sans activités professionnelles (dont militaires, étudiant.e.s)",Connaisseur.euse : Vous êtes sensible à ces sujets et avez suivi des formations/stages à ce propos
111,10-12-2025 09:12:03,112,entre 26 et 40 ans,Feminin,Cadres et professions intellectuelles supérieures,"Expert.e : Vous travaillez dans le domaine de la biologie, écologie"
113,10-12-2025 09:53:15,114,entre 26 et 40 ans,Masculin,Cadres et professions intellectuelles supérieures,"Expert.e : Vous travaillez dans le domaine de la biologie, écologie"
115,10-12-2025 12:34:07,116,entre 26 et 40 ans,Masculin,Cadres et professions intellectuelles supérieures,"Expert.e : Vous travaillez dans le domaine de la biologie, écologie"
116,10-12-2025 12:43:21,117,entre 18 et 25 ans,Feminin,"Autres personnes sans activités professionnelles (dont militaires, étudiant.e.s)",Connaisseur.euse : Vous êtes sensible à ces sujets et avez suivi des formations/stages à ce propos
117,10-12-2025 13:13:46,118,entre 26 et 40 ans,Feminin,Cadres et professions intellectuelles supérieures,"Expert.e : Vous travaillez dans le domaine de la biologie, écologie"
118,10-12-2025 13:22:49,119,entre 26 et 40 ans,Feminin,Cadres et professions intellectuelles supérieures,"Expert.e : Vous travaillez dans le domaine de la biologie, écologie"
119,10-12-2025 13:25:59,120,entre 41 et 65 ans,Feminin,Cadres et professions intellectuelles supérieures,"Expert.e : Vous travaillez dans le domaine de la biologie, écologie"
120,10-12-2025 13:45:01,121,entre 26 et 40 ans,Feminin,Cadres et professions intellectuelles supérieures,"Expert.e : Vous travaillez dans le domaine de la biologie, écologie"
121,10-12-2025 16:55:13,122,entre 41 et 65 ans,Feminin,Cadres et professions intellectuelles supérieures,"Expert.e : Vous travaillez dans le domaine de la biologie, écologie"
122,10-12-2025 21:43:55,123,entre 18 et 25 ans,Feminin,Agriculteurs/agricultrices exploitant.e.s,"Expert.e : Vous travaillez dans le domaine de la biologie, écologie"
123,11-12-2025 08:10:03,124,entre 18 et 25 ans,Feminin,"Autres personnes sans activités professionnelles (dont militaires, étudiant.e.s)",Amateur.e : Vous êtes sensible à ces sujets mais avez suivi une formation peu conséquente
124,11-12-2025 08:37:22,125,entre 41 et 65 ans,Feminin,Cadres et professions intellectuelles supérieures,"Expert.e : Vous travaillez dans le domaine de la biologie, écologie"
125,11-12-2025 14:14:10,126,66 ans et plus,Masculin,Cadres et professions intellectuelles supérieures,"Expert.e : Vous travaillez dans le domaine de la biologie, écologie"
127,18-12-2025 08:29:44,128,entre 26 et 40 ans,Feminin,Cadres et professions intellectuelles supérieures,"Expert.e : Vous travaillez dans le domaine de la biologie, écologie"
