n,action_name,motivation,optional
1,weekly,-2,2 à 4 fois par mois
1,monthly,2,2 à 4 fois par mois
1,as_usual,2,2 à 4 fois par mois
2,weekly,-3,2 à 4 fois par mois
2,monthly,3,2 à 4 fois par mois
2,as_usual,2,2 à 4 fois par mois
7,weekly,-1,1 fois par mois ou moins
7,monthly,1,1 fois par mois ou moins
7,as_usual,2,1 fois par mois ou moins
5,weekly,-3,1 fois par mois ou moins
5,monthly,-3,1 fois par mois ou moins
5,as_usual,3,1 fois par mois ou moins
8,weekly,-1,1 fois par mois ou moins
8,monthly,1,1 fois par mois ou moins
8,as_usual,1,1 fois par mois ou moins
9,weekly,-2,1 fois par mois ou moins
9,monthly,1,1 fois par mois ou moins
9,as_usual,0,1 fois par mois ou moins
10,weekly,-1,1 fois par mois ou moins
10,monthly,1,1 fois par mois ou moins
10,as_usual,0,1 fois par mois ou moins
11,weekly,-2,1 fois par mois ou moins
11,monthly,2,1 fois par mois ou moins
11,as_usual,1,1 fois par mois ou moins
12,weekly,-1,1 fois par mois ou moins
12,monthly,1,1 fois par mois ou moins
12,as_usual,2,1 fois par mois ou moins
14,weekly,-3,1 fois par mois ou moins
14,monthly,-1,1 fois par mois ou moins
14,as_usual,2,1 fois par mois ou moins
13,weekly,1,1 fois par mois ou moins
13,monthly,2,1 fois par mois ou moins
13,as_usual,3,1 fois par mois ou moins
15,weekly,1,1 fois par mois ou moins
15,monthly,2,1 fois par mois ou moins
15,as_usual,2,1 fois par mois ou moins
16,weekly,-2,1 fois par mois ou moins
16,monthly,2,1 fois par mois ou moins
16,as_usual,0,1 fois par mois ou moins
16,weekly,-2,1 fois par mois ou moins
16,monthly,2,1 fois par mois ou moins
16,as_usual,0,1 fois par mois ou moins
17,weekly,-2,1 fois par mois ou moins
17,monthly,2,1 fois par mois ou moins
17,as_usual,2,1 fois par mois ou moins
18,weekly,3,1 fois par mois ou moins
18,monthly,3,1 fois par mois ou moins
18,as_usual,3,1 fois par mois ou moins
19,weekly,3,1 fois par mois ou moins
19,monthly,3,1 fois par mois ou moins
19,as_usual,3,1 fois par mois ou moins
20,weekly,1,1 fois par mois ou moins
20,monthly,3,1 fois par mois ou moins
20,as_usual,1,1 fois par mois ou moins
22,weekly,-1,1 fois par mois ou moins
22,monthly,3,1 fois par mois ou moins
22,as_usual,3,1 fois par mois ou moins
21,weekly,1,1 fois par mois ou moins
21,monthly,3,1 fois par mois ou moins
21,as_usual,-2,1 fois par mois ou moins
24,weekly,-2,1 fois par mois ou moins
24,monthly,1,1 fois par mois ou moins
24,as_usual,1,1 fois par mois ou moins
25,weekly,-1,1 fois par mois ou moins
25,monthly,1,1 fois par mois ou moins
25,as_usual,1,1 fois par mois ou moins
26,weekly,3,2 à 4 fois par mois
26,monthly,3,2 à 4 fois par mois
26,as_usual,3,2 à 4 fois par mois
27,weekly,-1,1 fois par mois ou moins
27,monthly,-1,1 fois par mois ou moins
27,as_usual,2,1 fois par mois ou moins
29,weekly,-1,1 fois par mois ou moins
29,monthly,1,1 fois par mois ou moins
29,as_usual,2,1 fois par mois ou moins
30,weekly,-3,1 fois par mois ou moins
30,monthly,-2,1 fois par mois ou moins
30,as_usual,1,1 fois par mois ou moins
31,weekly,-3,1 fois par mois ou moins
31,monthly,2,1 fois par mois ou moins
31,as_usual,3,1 fois par mois ou moins
33,weekly,-3,1 fois par mois ou moins
33,monthly,2,1 fois par mois ou moins
33,as_usual,2,1 fois par mois ou moins
35,weekly,-3,1 fois par mois ou moins
35,monthly,-1,1 fois par mois ou moins
35,as_usual,2,1 fois par mois ou moins
36,weekly,-1,1 fois par mois ou moins
36,monthly,1,1 fois par mois ou moins
36,as_usual,0,1 fois par mois ou moins
67,weekly,-2,1 fois/semaine ou moins
67,monthly,-2,1 fois/semaine ou moins
67,as_usual,-2,1 fois/semaine ou moins
68,weekly,-1,1 fois par mois ou moins
68,monthly,2,1 fois par mois ou moins
68,as_usual,3,1 fois par mois ou moins
70,weekly,1,1 fois par mois ou moins
70,monthly,1,1 fois par mois ou moins
70,as_usual,1,1 fois par mois ou moins
69,weekly,-3,1 fois par mois ou moins
69,monthly,1,1 fois par mois ou moins
69,as_usual,2,1 fois par mois ou moins
71,weekly,-3,1 fois par mois ou moins
71,monthly,-1,1 fois par mois ou moins
71,as_usual,-2,1 fois par mois ou moins
72,weekly,-3,1 fois par mois ou moins
72,monthly,0,1 fois par mois ou moins
72,as_usual,-2,1 fois par mois ou moins
73,weekly,-3,1 fois par mois ou moins
73,monthly,-3,1 fois par mois ou moins
73,as_usual,2,1 fois par mois ou moins
75,weekly,2,1 fois par mois ou moins
75,monthly,3,1 fois par mois ou moins
75,as_usual,3,1 fois par mois ou moins
76,weekly,-1,1 fois par mois ou moins
76,monthly,1,1 fois par mois ou moins
76,as_usual,2,1 fois par mois ou moins
77,weekly,-3,1 fois par mois ou moins
77,monthly,1,1 fois par mois ou moins
77,as_usual,2,1 fois par mois ou moins
79,weekly,1,1 fois par mois ou moins
79,monthly,2,1 fois par mois ou moins
79,as_usual,2,1 fois par mois ou moins
80,weekly,-3,1 fois par mois ou moins
80,monthly,1,1 fois par mois ou moins
80,as_usual,1,1 fois par mois ou moins
81,weekly,1,1 fois par mois ou moins
81,monthly,2,1 fois par mois ou moins
81,as_usual,2,1 fois par mois ou moins
82,weekly,-2,1 fois par mois ou moins
82,monthly,0,1 fois par mois ou moins
82,as_usual,1,1 fois par mois ou moins
83,weekly,-2,1 fois par mois ou moins
83,monthly,-1,1 fois par mois ou moins
83,as_usual,1,1 fois par mois ou moins
84,weekly,-3,1 fois par mois ou moins
84,monthly,-1,1 fois par mois ou moins
84,as_usual,2,1 fois par mois ou moins
86,weekly,1,1 fois par mois ou moins
86,monthly,3,1 fois par mois ou moins
86,as_usual,3,1 fois par mois ou moins